{"cameraMode":{"drawMode":0,"name":"Shaded","section":"Shading Mode"},"sceneLighting":false,"audioPlay":false,"sceneViewState":{"showFog":true,"showMaterialUpdate":false,"showSkybox":false,"showFlares":true,"showImageEffects":true,"showParticleSystems":true},"in2DMode":false,"pivot":{"x":-0.02169640362262726,"y":0.25156736373901369,"z":-9.08970832824707e-7},"rotation":{"x":-0.06539583206176758,"y":0.6858238577842712,"z":-0.062105268239974979,"w":-0.7221585512161255},"size":0.5876599550247192,"orthographic":false}