{"cameraMode":{"drawMode":0,"name":"Shaded","section":"Shading Mode"},"sceneLighting":false,"audioPlay":false,"sceneViewState":{"showFog":true,"showMaterialUpdate":false,"showSkybox":false,"showFlares":true,"showImageEffects":true,"showParticleSystems":true},"in2DMode":false,"pivot":{"x":-0.0016475021839141846,"y":0.033762574195861819,"z":0.30482786893844607},"rotation":{"x":-0.1176261454820633,"y":0.12241420894861222,"z":-0.01461266353726387,"w":-0.9853758215904236},"size":1.5069363117218018,"orthographic":false}