{"cameraMode":{"drawMode":0,"name":"Shaded","section":"Shading Mode"},"sceneLighting":false,"audioPlay":false,"sceneViewState":{"showFog":true,"showMaterialUpdate":true,"showSkybox":false,"showFlares":true,"showImageEffects":true,"showParticleSystems":true},"in2DMode":false,"pivot":{"x":7.450580596923828e-8,"y":2.9802322387695315e-8,"z":-2.384185791015625e-7},"rotation":{"x":0.16781602799892426,"y":-0.8319719433784485,"z":0.36592337489128115,"w":0.3818415701389313},"size":0.5977157354354858,"orthographic":false}