{"cameraMode":{"drawMode":0,"name":"Shaded","section":"Shading Mode"},"sceneLighting":false,"audioPlay":false,"sceneViewState":{"showFog":true,"showMaterialUpdate":true,"showSkybox":false,"showFlares":true,"showImageEffects":true,"showParticleSystems":true},"in2DMode":false,"pivot":{"x":0.23518753051757813,"y":0.41288161277770998,"z":0.671721339225769},"rotation":{"x":0.14178761839866639,"y":0.6753621101379395,"z":-0.13466095924377442,"w":0.7111005783081055},"size":1.8697389364242554,"orthographic":false}