{"cameraMode":{"drawMode":0,"name":"Shaded","section":"Shading Mode"},"sceneLighting":true,"audioPlay":false,"sceneViewState":{"showFog":true,"showMaterialUpdate":false,"showSkybox":false,"showFlares":true,"showImageEffects":true,"showParticleSystems":true},"in2DMode":false,"pivot":{"x":-1.6352293491363526,"y":2.8037588596343996,"z":3.2457523345947267},"rotation":{"x":-0.06759330630302429,"y":-0.06937198340892792,"z":0.004709349013864994,"w":-0.9952898025512695},"size":12.75887680053711,"orthographic":false}