{"cameraMode":{"drawMode":0,"name":"Shaded","section":"Shading Mode"},"sceneLighting":false,"audioPlay":false,"sceneViewState":{"showFog":true,"showMaterialUpdate":true,"showSkybox":false,"showFlares":true,"showImageEffects":true,"showParticleSystems":true},"in2DMode":false,"pivot":{"x":9.5367431640625e-7,"y":0.0,"z":1.8025031089782715},"rotation":{"x":0.012664644047617913,"y":0.8053980469703674,"z":-0.017139216884970666,"w":0.592390775680542},"size":14.291770935058594,"orthographic":false}