{"cameraMode":{"drawMode":0,"name":"Shaded","section":"Shading Mode"},"sceneLighting":false,"audioPlay":false,"sceneViewState":{"showFog":true,"showMaterialUpdate":true,"showSkybox":false,"showFlares":true,"showImageEffects":true,"showParticleSystems":true},"in2DMode":false,"pivot":{"x":-6.111000061035156,"y":3.1700000762939455,"z":-5.520999908447266},"rotation":{"x":0.010120302438735962,"y":-0.9577049612998962,"z":0.28559333086013796,"w":0.03393935784697533},"size":7.965701580047607,"orthographic":false}