{"cameraMode":{"drawMode":0,"name":"Shaded","section":"Shading Mode"},"sceneLighting":false,"audioPlay":false,"sceneViewState":{"showFog":true,"showMaterialUpdate":true,"showSkybox":true,"showFlares":true,"showImageEffects":true,"showParticleSystems":true},"in2DMode":false,"pivot":{"x":22.03451156616211,"y":13.134847640991211,"z":13.333063125610352},"rotation":{"x":0.318977952003479,"y":-0.5335307121276856,"z":0.22708185017108918,"w":0.7497192025184631},"size":5.5130157470703129,"orthographic":false}