{"cameraMode":{"drawMode":0,"name":"Shaded","section":"Shading Mode"},"sceneLighting":false,"audioPlay":false,"sceneViewState":{"showFog":true,"showMaterialUpdate":false,"showSkybox":false,"showFlares":true,"showImageEffects":true,"showParticleSystems":true},"in2DMode":false,"pivot":{"x":0.0,"y":4.930001258850098,"z":3.361215829849243},"rotation":{"x":0.3040843904018402,"y":0.23124836385250092,"z":-0.07635769248008728,"w":0.9210066199302673},"size":16.976924896240236,"orthographic":false}