{"cameraMode":{"drawMode":0,"name":"Shaded","section":"Shading Mode"},"sceneLighting":false,"audioPlay":false,"sceneViewState":{"showFog":true,"showMaterialUpdate":false,"showSkybox":true,"showFlares":true,"showImageEffects":true,"showParticleSystems":true},"in2DMode":false,"pivot":{"x":-21.29059410095215,"y":-4.2251505851745609,"z":-7.829841613769531},"rotation":{"x":-0.34005457162857058,"y":0.2872636020183563,"z":-0.10975167155265808,"w":-0.8887385725975037},"size":17.25473403930664,"orthographic":false}